<?xml version="1.0"?>
<Data>
  <Tab name="Time">
    <StartSimDate>1/14/2009</StartSimDate>
    <EndDaySeason>1/24/2009</EndDaySeason>
    <NumSeasonDays>10</NumSeasonDays>
    <NumYears>25</NumYears>
    <TimeBetweenDailyTimeStep>120</TimeBetweenDailyTimeStep>
    <StartTime>6</StartTime>
  </Tab>
  <Tab name="Map">
    <Directory type="Social">W:\Pauli\UWB maps\Used UWB maps (with wetlands)\social</Directory>
    <Directory type="Food">W:\Pauli\UWB maps\Used UWB maps (with wetlands)\Food</Directory>
    <Directory type="Predation">W:\Pauli\UWB maps\Used UWB maps (with wetlands)\Risk</Directory>
    <Directory type="Move">W:\Pauli\UWB maps\Used UWB maps (with wetlands)\Move</Directory>
    <Directory type="Dispersal">W:\Pauli\UWB maps\Used UWB maps (with wetlands)\Release</Directory>
    <MapSwitchTriggers name="Social">
      <StartDate>1/14/2009</StartDate>
      <StartTime>6</StartTime>
      <Path>W:\Pauli\UWB maps\Used UWB maps (with wetlands)\social</Path>
      <FileName>Social_noHR</FileName>
      <TriggerType>STATIC</TriggerType>
    </MapSwitchTriggers>
    <MapSwitchTriggers name="Food">
      <StartDate>1/14/2009</StartDate>
      <StartTime>6</StartTime>
      <Path>W:\Pauli\UWB maps\Used UWB maps (with wetlands)\Food</Path>
      <FileName>landuse_wetlands_FOOD</FileName>
      <TriggerType>STATIC</TriggerType>
    </MapSwitchTriggers>
    <MapSwitchTriggers name="Predation">
      <StartDate>1/14/2009</StartDate>
      <StartTime>6</StartTime>
      <Path>W:\Pauli\UWB maps\Used UWB maps (with wetlands)\Risk</Path>
      <FileName>landuse_wetlands_RISK</FileName>
      <TriggerType>STATIC</TriggerType>
    </MapSwitchTriggers>
    <MapSwitchTriggers name="Move">
      <StartDate>1/14/2009</StartDate>
      <StartTime>6</StartTime>
      <Path>W:\Pauli\UWB maps\Used UWB maps (with wetlands)\Move</Path>
      <FileName>landuse_wetlands_MOVE_dummyMSLMVL</FileName>
      <TriggerType>STATIC</TriggerType>
    </MapSwitchTriggers>
    <MapSwitchTriggers name="Dispersal">
      <StartDate>1/14/2009</StartDate>
      <StartTime>6</StartTime>
      <Path>W:\Pauli\UWB maps\Used UWB maps (with wetlands)\Release</Path>
      <FileName>landuseRELEASE</FileName>
      <TriggerType>STATIC</TriggerType>
    </MapSwitchTriggers>
  </Tab>
  <Tab name="Species">
    <EnergyParameters>
      <InitialEnergy>1000</InitialEnergy>
      <MaxEnergy>1600</MaxEnergy>
      <MinEnergy>0</MinEnergy>
    </EnergyParameters>
    <TemporalParameters>
      <WakeUpTime>6</WakeUpTime>
      <ActivityDurations>
        <Duration Type="Active">
          <MeanAmt>12</MeanAmt>
          <StandardDeviation>0</StandardDeviation>
        </Duration>
        <Duration Type="Sleeping">
          <MeanAmt>12</MeanAmt>
          <StandardDeviation>0</StandardDeviation>
        </Duration>
      </ActivityDurations>
    </TemporalParameters>
    <BehavioralTriggers>
      <txtRiskyToSafe>0</txtRiskyToSafe>
      <txtSafeToRisky>0</txtSafeToRisky>
      <txtSearchForageTrigger>800</txtSearchForageTrigger>
    </BehavioralTriggers>
    <txtPerception>500</txtPerception>
  </Tab>
  <Tab name="HomeRange">
    <HomeRangeArea gender="male">.1</HomeRangeArea>
    <HomeRangeArea gender="female">.1</HomeRangeArea>
    <MaleDistanceModifierWeight gender="male">1</MaleDistanceModifierWeight>
    <FemaleDistanceModifierWeight gender="female">1</FemaleDistanceModifierWeight>
    <HomeRangeTrigger type="steps">True</HomeRangeTrigger>
    <HomeRangeTrigger type="sites">False</HomeRangeTrigger>
    <txtTriggerNum>7</txtTriggerNum>
    <HomeRangeCriteria type="Closest">True</HomeRangeCriteria>
    <HomeRangeCriteria type="food">False</HomeRangeCriteria>
    <HomeRangeCriteria type="risk">False</HomeRangeCriteria>
    <HomeRangeCriteria type="combo">False</HomeRangeCriteria>
  </Tab>
  <Tab name="Movement">
    <AnimalModifiers>
      <Modifier type="MaleModifier">
        <CaptureFood>1</CaptureFood>
        <EnergyUsed>1</EnergyUsed>
        <MoveSpeed>1</MoveSpeed>
        <MoveTurtosity>1</MoveTurtosity>
        <Name />
        <PerceptonModifier>1</PerceptonModifier>
        <PredationRisk>1</PredationRisk>
      </Modifier>
      <Modifier type="FemaleModifier">
        <CaptureFood>1</CaptureFood>
        <EnergyUsed>1</EnergyUsed>
        <MoveSpeed>1</MoveSpeed>
        <MoveTurtosity>1</MoveTurtosity>
        <Name />
        <PerceptonModifier>1</PerceptonModifier>
        <PredationRisk>1</PredationRisk>
      </Modifier>
      <Modifier type="RiskyForageMod">
        <CaptureFood>1</CaptureFood>
        <EnergyUsed>1</EnergyUsed>
        <MoveSpeed>1</MoveSpeed>
        <MoveTurtosity>1</MoveTurtosity>
        <Name>RiskyForageModifier</Name>
        <PerceptonModifier>1</PerceptonModifier>
        <PredationRisk>1</PredationRisk>
      </Modifier>
      <Modifier type="RiskySearchMod">
        <CaptureFood>1</CaptureFood>
        <EnergyUsed>1</EnergyUsed>
        <MoveSpeed>1</MoveSpeed>
        <MoveTurtosity>1</MoveTurtosity>
        <Name>RiskySearchModifier</Name>
        <PerceptonModifier>1</PerceptonModifier>
        <PredationRisk>1</PredationRisk>
      </Modifier>
      <Modifier type="SafeForageMod">
        <CaptureFood>1</CaptureFood>
        <EnergyUsed>1</EnergyUsed>
        <MoveSpeed>1</MoveSpeed>
        <MoveTurtosity>1</MoveTurtosity>
        <Name>SafeForageModifier</Name>
        <PerceptonModifier>1</PerceptonModifier>
        <PredationRisk>1</PredationRisk>
      </Modifier>
      <Modifier type="SafeSearchMod">
        <CaptureFood>1</CaptureFood>
        <EnergyUsed>1</EnergyUsed>
        <MoveSpeed>1</MoveSpeed>
        <MoveTurtosity>1</MoveTurtosity>
        <Name>SafeSearchModifier</Name>
        <PerceptonModifier>1</PerceptonModifier>
        <PredationRisk>1</PredationRisk>
      </Modifier>
    </AnimalModifiers>
    <TemporalModifiers>
      <DailyModifiers>
        <Modifier type="DailyModifier">
          <StartDate>1/14/2009 6:00:00 AM</StartDate>
          <CaptureFood>1</CaptureFood>
          <EnergyUsed>1</EnergyUsed>
          <MoveSpeed>1</MoveSpeed>
          <MoveTurtosity>1</MoveTurtosity>
          <Name />
          <PerceptonModifier>1</PerceptonModifier>
          <PredationRisk>1</PredationRisk>
        </Modifier>
      </DailyModifiers>
      <HourlyModifiers>
        <Modifier type="HourlyModifier">
          <StartTime>6</StartTime>
          <CaptureFood>1</CaptureFood>
          <EnergyUsed>1</EnergyUsed>
          <MoveSpeed>1</MoveSpeed>
          <MoveTurtosity>1</MoveTurtosity>
          <Name />
          <PerceptonModifier>1</PerceptonModifier>
          <PredationRisk>1</PredationRisk>
        </Modifier>
      </HourlyModifiers>
    </TemporalModifiers>
  </Tab>
  <Tab name="Simulation">
    <Resident>
      <txtResDieBetweenSeason>0.08</txtResDieBetweenSeason>
      <txtResDieTimeStep>0.00001</txtResDieTimeStep>
      <txtResBreedPercent>0.87</txtResBreedPercent>
      <txtResFemalePercent>0.51</txtResFemalePercent>
      <txtResOffspringMean>3</txtResOffspringMean>
      <txtResOffspringSD>1</txtResOffspringSD>
    </Resident>
    <Output>
      <OutputPath>C:\Documents and Settings\bpauli\Desktop\UWB_long_011409_barn\2009</OutputPath>
      <TextOutput>True</TextOutput>
    </Output>
  </Tab>
</Data>